branch_id,gtv_2024,aov_2024,category,latitude,longitude,district,peak_month,peak_quarter,first_transaction,last_transaction,transaction_days,operational_days,monthly_gtv,estimated_transactions,estimated_daily_transactions,transaction_intensity,competitor_count,nearby_avg_gtv,nearby_avg_aov,district_avg_gtv,district_median_gtv,district_branch_count,district_avg_aov,district_avg_competition,district_encoded,category_encoded
177,750943024.6,21344.523466545397,Alcoholic Beverages,-6.21465276,106.82091144,Setia Budi,1,1,2024-01-02,2024-03-30,4708,89,62578585.38333333,35181.99999999999,96.38904109589039,52.89887640449438,5,220427780.16338333,50249.104249731055,162909053.95716113,68313109.53333333,33,28346.073539385277,3.0303030303030303,7,0
253,125557000.0,29908.76607908528,Tea and Beverages,-6.24060142,106.85546635,Tebet,3,1,2024-01-09,2024-03-31,2094,83,10463083.333333334,4198.0,11.501369863013698,25.228915662650603,2,9290249.375,30237.187447777964,300771653.12145936,182018872.0,25,37667.8902705383,2.0,8,15
282,280686945.0,38704.76351351351,Coffee,-6.25165608,106.79778522,Kebayoran Baru,1,1,2024-01-02,2024-03-30,4480,89,23390578.75,7252.0,19.86849315068493,50.337078651685395,3,1503375325.0480223,22885.545545639063,881685807.5210959,470025179.1666667,47,62177.6332678376,1.574468085106383,2,5
354,697936033.113,27163.385736475444,Chinese Food,-6.2445962,106.7840087,Kebayoran Lama,1,1,2024-01-01,2024-03-31,4612,91,58161336.092750005,25694.0,70.3945205479452,50.68131868131868,1,24481196.7,49893.74327445652,121811135.82639076,57031807.583333336,37,37332.39063237028,1.2162162162162162,3,4
418,160351450.0021,16918.279173042836,Coffee,-6.23418852,106.79471049,Kebayoran Baru,1,1,2024-01-02,2024-03-30,5201,89,13362620.833508333,9478.0,25.96712328767123,58.438202247191015,0,0.0,0.0,881685807.5210959,470025179.1666667,47,62177.6332678376,1.574468085106383,2,5
513,1336128855.0,340588.5432067295,Bakery and Pastries,-6.272359,106.8436954,Pasar Minggu,3,1,2024-01-01,2024-03-31,632,91,111344071.25,3923.0000000000005,10.747945205479454,6.945054945054945,0,0.0,0.0,34836567.00784653,21411128.769091666,12,52343.61297993652,0.0,6,1
515,1608714622.0,112466.06697427294,Tea and Beverages,-6.25789844,106.81577597,Mampang Prapatan,1,1,2024-01-01,2024-03-31,7260,91,134059551.83333333,14304.0,39.18904109589041,79.78021978021978,3,218761486.34339443,85173.52923486856,165555757.0346049,119796714.88666667,17,41422.6964736174,1.1176470588235294,4,15
516,2619276215.5,80555.93466092573,Cakes and Desserts,-6.30724024,106.78145756,Cilandak,1,1,2024-01-01,2024-03-31,19173,91,218273017.95833334,32514.999999999996,89.0821917808219,210.69230769230768,0,0.0,0.0,381344856.5899925,127776380.66666667,29,22983.35828293603,0.8275862068965517,0,3
581,832395200.0203,12560.853491380583,Coffee,-6.27960959,106.80720995,Cilandak,1,1,2024-01-01,2024-03-31,21651,91,69366266.66835834,66269.00000000001,181.5589041095891,237.92307692307693,1,1447250.0,18242.647058823528,381344856.5899925,127776380.66666667,29,22983.35828293603,0.8275862068965517,0,5
582,343118909.0828,12833.59175204967,Coffee,-6.30397,106.843384,Jagakarsa,2,1,2024-01-02,2024-03-31,9564,90,28593242.423566666,26736.0,73.24931506849315,106.26666666666667,0,0.0,0.0,94933453.67568667,66952173.333333336,5,23236.733976627816,0.0,1,5
595,188003703.75,29989.42474876376,Japanese Food,-6.24523406,106.78180765,Kebayoran Lama,1,1,2024-01-01,2024-03-24,1528,84,15666975.3125,6269.0,17.175342465753424,18.19047619047619,0,0.0,0.0,121811135.82639076,57031807.583333336,37,37332.39063237028,1.2162162162162162,3,9
601,3467697640.0,80591.65287719625,Alcoholic Beverages,-6.2262195,106.8261671,Setia Budi,3,1,2024-01-01,2024-03-31,10662,91,288974803.3333333,43028.0,117.88493150684931,117.16483516483517,4,161388705.22506252,27796.40203675256,162909053.95716113,68313109.53333333,33,28346.073539385277,3.0303030303030303,7,0
612,44442200.0,22825.988700564973,Comfort Food,-6.23446584,106.7868278,Kebayoran Lama,2,1,2024-01-08,2024-03-28,303,81,3703516.6666666665,1947.0,5.3342465753424655,3.740740740740741,0,0.0,0.0,121811135.82639076,57031807.583333336,37,37332.39063237028,1.2162162162162162,3,6
614,4029925640.1544,16813.775200911216,Coffee,-6.2244883,106.8102729,Kebayoran Baru,2,1,2024-01-01,2024-03-31,16989,91,335827136.6795333,239679.99999999997,656.6575342465752,186.69230769230768,2,2356503225.9690833,79317.65602831455,881685807.5210959,470025179.1666667,47,62177.6332678376,1.574468085106383,2,5
659,114758800.0,35180.502759043535,Tea and Beverages,-6.23631064,106.8468581,Tebet,1,1,2024-01-01,2024-03-31,1410,91,9563233.333333334,3261.9999999999995,8.936986301369862,15.494505494505495,1,10463083.333333334,29908.76607908528,300771653.12145936,182018872.0,25,37667.8902705383,2.0,8,15
835,313320000.0,12502.793296089383,Cakes and Desserts,-6.2440436,106.7976307,Kebayoran Baru,3,1,2024-01-11,2024-03-31,4795,81,26110000.0,25060.000000000004,68.65753424657535,59.19753086419753,0,0.0,0.0,881685807.5210959,470025179.1666667,47,62177.6332678376,1.574468085106383,2,3
918,2074249337.216,13254.666930041152,Coffee,-6.22467327,106.82917697,Setia Budi,3,1,2024-01-01,2024-03-31,16500,91,172854111.43466666,156492.0,428.74520547945207,181.3186813186813,3,295934882.0684555,17864.81053406089,162909053.95716113,68313109.53333333,33,28346.073539385277,3.0303030303030303,7,5
925,564283474.374,10431.921067329731,Tea and Beverages,-6.22308947,106.8232977,Setia Budi,3,1,2024-01-01,2024-03-31,8412,91,47023622.86449999,54092.000000000015,148.19726027397263,92.43956043956044,2,222464674.915,23055.853433897955,162909053.95716113,68313109.53333333,33,28346.073539385277,3.0303030303030303,7,15
928,1535000.0,10302.013422818793,Tea and Beverages,-6.2181196,106.7926219,Kebayoran Lama,2,1,2024-02-21,2024-02-22,9,2,127916.66666666667,149.0,0.40821917808219177,4.5,1,1739257.57575,17465.348041004185,121811135.82639076,57031807.583333336,37,37332.39063237028,1.2162162162162162,3,15
998,675630957.5056,32651.795742586502,Snacks and Appetizers,-6.28863326,106.82445353,Pasar Minggu,1,1,2024-01-02,2024-03-31,7314,90,56302579.79213333,20692.000000000004,56.69041095890412,81.26666666666667,0,0.0,0.0,34836567.00784653,21411128.769091666,12,52343.61297993652,0.0,6,13
1008,2237483500.0,29845.05135387488,Comfort Food,-6.26581331,106.80793258,Cilandak,1,1,2024-01-01,2024-03-31,12278,91,186456958.33333334,74970.00000000001,205.39726027397265,134.92307692307693,1,5243000.0,18803.34728033473,381344856.5899925,127776380.66666667,29,22983.35828293603,0.8275862068965517,0,6
1014,803426080.0,33661.22339534104,Comfort Food,-6.30644061,106.83988182,Jagakarsa,3,1,2024-01-01,2024-03-31,3372,91,66952173.333333336,23868.000000000004,65.39178082191782,37.05494505494506,0,0.0,0.0,94933453.67568667,66952173.333333336,5,23236.733976627816,0.0,1,6
1018,488749750.0,32832.846298535536,Comfort Food,-6.22366639,106.82340138,Setia Budi,2,1,2024-01-01,2024-03-31,2180,91,40729145.833333336,14886.0,40.78356164383562,23.956043956043956,2,46607388.1,34441.08454665463,162909053.95716113,68313109.53333333,33,28346.073539385277,3.0303030303030303,7,6
1022,298820000.0,38241.617609418994,Comfort Food,-6.22367705,106.82339065,Setia Budi,3,1,2024-01-01,2024-03-31,1516,91,24901666.666666668,7813.999999999999,21.408219178082188,16.65934065934066,2,54521127.68333334,31736.698891212898,162909053.95716113,68313109.53333333,33,28346.073539385277,3.0303030303030303,7,6
1045,3344543350.5,62749.40620075047,Thai Food,-6.2660371,106.7832571,Kebayoran Lama,3,1,2024-01-01,2024-03-31,7146,91,278711945.875,53300.0,146.02739726027397,78.52747252747253,1,38115069.333333336,14973.019674599796,121811135.82639076,57031807.583333336,37,37332.39063237028,1.2162162162162162,3,16
1054,35031102837.5,83242.29049884395,Thai Food,-6.2271727,106.8045159,Kebayoran Baru,1,1,2024-01-01,2024-03-31,55832,91,2919258569.7916665,420833.0,1152.9671232876713,613.5384615384615,0,0.0,0.0,881685807.5210959,470025179.1666667,47,62177.6332678376,1.574468085106383,2,16
1055,5096409612.5,79891.04609512165,Breakfast and Egg Dishes,-6.26364392,106.78296537,Kebayoran Lama,1,1,2024-01-01,2024-03-31,5345,91,424700801.0416667,63791.99999999999,174.772602739726,58.73626373626374,1,22608583.333333332,46543.66100531824,121811135.82639076,57031807.583333336,37,37332.39063237028,1.2162162162162162,3,2
1065,7486051967.0,63988.81927515172,Thai Food,-6.2242462,106.84223673,Tebet,1,1,2024-01-01,2024-03-31,15510,91,623837663.9166666,116990.0,320.52054794520546,170.43956043956044,1,4322548.666666667,13628.63478717814,300771653.12145936,182018872.0,25,37667.8902705383,2.0,8,16
1095,1010462200.0,33903.57670111395,Thai Food,-6.24110992,106.84534774,Tebet,3,1,2024-01-02,2024-03-31,2558,90,84205183.33333333,29803.999999999996,81.65479452054794,28.42222222222222,1,182018872.0,14012.410115603228,300771653.12145936,182018872.0,25,37667.8902705383,2.0,8,16
1132,251573000.0,21115.74618096357,Tea and Beverages,-6.2874744,106.8068338,Cilandak,1,1,2024-01-02,2024-03-31,3710,90,20964416.666666668,11914.0,32.64109589041096,41.22222222222222,0,0.0,0.0,381344856.5899925,127776380.66666667,29,22983.35828293603,0.8275862068965517,0,15
1232,56049400.0,15099.515086206897,Set Meals and Combos,-6.2421406,106.8492688,Tebet,1,1,2024-01-02,2024-02-29,1144,59,4670783.333333333,3712.0,10.169863013698631,19.389830508474578,0,0.0,0.0,300771653.12145936,182018872.0,25,37667.8902705383,2.0,8,12
1238,631113270.0,28142.034691875506,Coffee,-6.23852971,106.85154523,Tebet,1,1,2024-01-01,2024-03-31,5862,91,52592772.5,22425.999999999996,61.44109589041095,64.41758241758242,0,0.0,0.0,300771653.12145936,182018872.0,25,37667.8902705383,2.0,8,5
1279,692582675.5348,18507.861241944363,Tea and Beverages,-6.243851,106.78422,Kebayoran Lama,2,1,2024-01-01,2024-03-31,2492,91,57715222.96123334,37421.0,102.52328767123288,27.384615384615383,4,86759226.02083124,68408.40957411577,121811135.82639076,57031807.583333336,37,37332.39063237028,1.2162162162162162,3,15
1280,1496910971.6424,19112.266944694977,Tea and Beverages,-6.2607844,106.8123187,Mampang Prapatan,2,1,2024-01-01,2024-03-31,5236,91,124742580.9702,78322.0,214.5808219178082,57.53846153846154,3,221867143.2977722,116291.46257806121,165555757.0346049,119796714.88666667,17,41422.6964736174,1.1176470588235294,4,15
1292,1082349693.3454,18417.95754935507,Tea and Beverages,-6.264559,106.7846188,Kebayoran Lama,2,1,2024-01-01,2024-03-31,2775,91,90195807.77878334,58766.00000000001,161.00273972602741,30.494505494505493,3,307004730.91032773,34353.96592134857,121811135.82639076,57031807.583333336,37,37332.39063237028,1.2162162162162162,3,15
1360,5601991279.64,29354.23352235631,Tea and Beverages,-6.26365817,106.79528671,Cilandak,3,1,2024-01-03,2024-03-31,48286,89,466832606.6366667,190841.0,522.8520547945205,542.5393258426966,1,17089597.525000002,19160.53165467626,381344856.5899925,127776380.66666667,29,22983.35828293603,0.8275862068965517,0,15
1386,205075170.3,19160.53165467626,Tea and Beverages,-6.26365817,106.79528671,Cilandak,3,1,2024-03-01,2024-03-31,1813,31,17089597.525000002,10703.0,29.323287671232876,58.483870967741936,1,466832606.6366667,29354.23352235631,381344856.5899925,127776380.66666667,29,22983.35828293603,0.8275862068965517,0,15
1420,39216100.0,23150.0,Tea and Beverages,-6.2312938,106.8099531,Kebayoran Baru,3,1,2024-03-16,2024-03-31,714,16,3268008.3333333335,1694.0,4.641095890410959,44.625,6,1561263435.820429,72265.15496679545,881685807.5210959,470025179.1666667,47,62177.6332678376,1.574468085106383,2,15
1435,1823126189.0,31661.390521343477,Alcoholic Beverages,-6.25524286,106.81346966,Mampang Prapatan,2,1,2024-01-01,2024-03-31,9564,91,151927182.41666666,57582.0,157.75890410958905,105.0989010989011,0,0.0,0.0,165555757.0346049,119796714.88666667,17,41422.6964736174,1.1176470588235294,4,0
1458,264548000.0,7946.770802042655,Thai Food,-6.23218386,106.81984692,Mampang Prapatan,1,1,2024-01-03,2024-03-06,2162,64,22045666.666666668,33290.0,91.20547945205479,33.78125,2,520307852.9623334,17183.735700382233,165555757.0346049,119796714.88666667,17,41422.6964736174,1.1176470588235294,4,16
1543,1182418857.6,41383.83233935321,Comfort Food,-6.24260604,106.8479443,Tebet,3,1,2024-01-20,2024-03-31,5640,72,98534904.8,28572.0,78.27945205479452,78.33333333333333,0,0.0,0.0,300771653.12145936,182018872.0,25,37667.8902705383,2.0,8,6
1545,24701579239.3559,103733.2304719178,Tea and Beverages,-6.2262751,106.8075126,Kebayoran Baru,3,1,2024-01-01,2024-03-31,57638,91,2058464936.6129916,238126.0,652.4,633.3846153846154,4,1737247565.078229,66581.1955128278,881685807.5210959,470025179.1666667,47,62177.6332678376,1.574468085106383,2,15
1566,1113713849.4894,37377.96514597261,Comfort Food,-6.2888768,106.8214086,Pasar Minggu,2,1,2024-01-02,2024-03-31,7067,90,92809487.45744999,29796.000000000004,81.63287671232878,78.52222222222223,0,0.0,0.0,34836567.00784653,21411128.769091666,12,52343.61297993652,0.0,6,6
1577,2509691187.7618,46952.24103423258,Tea and Beverages,-6.29782,106.776644,Cilandak,2,1,2024-01-01,2024-03-31,21126,91,209140932.31348333,53452.0,146.44383561643835,232.15384615384616,3,551928263.8271306,21321.9373796366,381344856.5899925,127776380.66666667,29,22983.35828293603,0.8275862068965517,0,15
1653,20871090.909,17465.348041004185,Tea and Beverages,-6.2180486,106.7925937,Kebayoran Lama,2,1,2024-02-15,2024-02-19,49,5,1739257.57575,1195.0,3.2739726027397262,9.8,1,127916.66666666667,10302.013422818793,121811135.82639076,57031807.583333336,37,37332.39063237028,1.2162162162162162,3,15
1683,22842000.0,86522.72727272728,Japanese Food,-6.2230251,106.8428474,Tebet,3,1,2024-03-01,2024-03-31,76,31,1903500.0,264.0,0.7232876712328767,2.4516129032258065,3,263254923.61640558,33597.88092218683,300771653.12145936,182018872.0,25,37667.8902705383,2.0,8,9
1684,16706700.0,84377.27272727272,Tea and Beverages,-6.2441792,106.783529,Kebayoran Lama,3,1,2024-03-01,2024-03-31,53,31,1392225.0,198.00000000000003,0.5424657534246576,1.7096774193548387,4,100839975.51113959,51941.05670278368,121811135.82639076,57031807.583333336,37,37332.39063237028,1.2162162162162162,3,15
1686,789300.0,71754.54545454546,Japanese Food,-6.2180486,106.7925937,Kebayoran Lama,3,1,2024-03-20,2024-03-28,3,9,65775.0,11.0,0.030136986301369864,0.3333333333333333,0,0.0,0.0,121811135.82639076,57031807.583333336,37,37332.39063237028,1.2162162162162162,3,9
1901,315154000.0,8920.546859520507,Thai Food,-6.27218145,106.81772012,Cilandak,1,1,2024-01-08,2024-03-28,7749,81,26262833.333333332,35329.0,96.79178082191781,95.66666666666667,1,449967365.80076665,15517.364585682755,381344856.5899925,127776380.66666667,29,22983.35828293603,0.8275862068965517,0,16
1943,3486073.129,30579.588850877197,Seafood,-6.21991336,106.79232428,Kebayoran Lama,3,1,2024-02-12,2024-03-28,82,46,290506.09408333333,113.99999999999999,0.3123287671232876,1.7826086956521738,0,0.0,0.0,121811135.82639076,57031807.583333336,37,37332.39063237028,1.2162162162162162,3,11
2031,2167367411.5457,47517.48249464396,Coffee,-6.23782503,106.808875,Kebayoran Baru,1,1,2024-01-01,2024-03-31,21875,91,180613950.96214166,45611.99999999999,124.96438356164381,240.3846153846154,1,1971511504.207,35529.02473784244,881685807.5210959,470025179.1666667,47,62177.6332678376,1.574468085106383,2,5
2032,517074972.9902,48433.39949327464,Coffee,-6.2589251,106.81554275,Mampang Prapatan,2,1,2024-01-01,2024-03-31,5486,91,43089581.08251666,10675.999999999998,29.249315068493146,60.285714285714285,0,0.0,0.0,165555757.0346049,119796714.88666667,17,41422.6964736174,1.1176470588235294,4,5
2033,3798968138.1785,51213.52590596396,Coffee,-6.2552267,106.7725444,Kebayoran Baru,1,1,2024-01-01,2024-03-31,25893,91,316580678.1815417,74179.0,203.23013698630137,284.53846153846155,0,0.0,0.0,881685807.5210959,470025179.1666667,47,62177.6332678376,1.574468085106383,2,5
2139,1132250000.0,40528.68955149085,Bakery and Pastries,-6.2079211,106.81347715,Kebayoran Baru,1,1,2024-01-01,2024-03-31,15645,91,94354166.66666667,27937.000000000007,76.53972602739728,171.92307692307693,0,0.0,0.0,881685807.5210959,470025179.1666667,47,62177.6332678376,1.574468085106383,2,1
2140,313402000.0,40828.81709223554,Tea and Beverages,-6.21750361,106.8136397,Setia Budi,1,1,2024-01-02,2024-03-28,3202,87,26116833.333333332,7675.999999999999,21.03013698630137,36.804597701149426,2,2347563577.9064584,38261.33552049383,162909053.95716113,68313109.53333333,33,28346.073539385277,3.0303030303030303,7,15
2151,394787999.916,40169.719161172165,Bakery and Pastries,-6.2639862,106.8135392,Mampang Prapatan,1,1,2024-01-01,2024-03-31,4388,91,32898999.993,9828.0,26.926027397260274,48.21978021978022,1,515674059.27716666,58770.73957495346,165555757.0346049,119796714.88666667,17,41422.6964736174,1.1176470588235294,4,1
2154,373667000.0002,38677.88013665252,Coffee,-6.24028364,106.78395506,Kebayoran Lama,2,1,2024-01-01,2024-03-31,2832,91,31138916.66668333,9660.999999999998,26.468493150684928,31.12087912087912,1,4445378.787641667,18464.709398303912,121811135.82639076,57031807.583333336,37,37332.39063237028,1.2162162162162162,3,5
2348,651891852.5,33059.07259495918,Japanese Food,-6.2215622,106.8330533,Kebayoran Baru,1,1,2024-01-01,2024-02-06,7455,37,54324321.041666664,19718.999999999996,54.024657534246565,201.48648648648648,3,245781316.60251668,51419.099148109526,881685807.5210959,470025179.1666667,47,62177.6332678376,1.574468085106383,2,9
2349,384903750.0,32613.43416370107,Japanese Food,-6.2215622,106.8330533,Kebayoran Baru,1,1,2024-01-01,2024-02-03,4564,34,32075312.5,11802.0,32.33424657534247,134.23529411764707,3,253197652.78307223,51567.64529186223,881685807.5210959,470025179.1666667,47,62177.6332678376,1.574468085106383,2,9
2451,2978828958.3806,68243.50420115922,Steaks and BBQ,-6.223605,106.8422432,Tebet,1,1,2024-01-01,2024-03-31,13288,91,248235746.53171667,43650.0,119.58904109589041,146.02197802197801,1,723932371.3001333,47423.81050322412,300771653.12145936,182018872.0,25,37667.8902705383,2.0,8,14
2683,108207185.0,25293.87213651239,Tea and Beverages,-6.23577082,106.86017441,Tebet,1,1,2024-01-01,2024-03-31,2278,91,9017265.416666666,4278.0,11.72054794520548,25.032967032967033,1,10463083.333333334,29908.76607908528,300771653.12145936,182018872.0,25,37667.8902705383,2.0,8,15
2737,1533316568.0,56324.30547698637,Japanese Food,-6.28061761,106.79594195,Cilandak,2,1,2024-01-03,2024-03-31,12663,89,127776380.66666667,27223.000000000004,74.58356164383562,142.2808988764045,0,0.0,0.0,381344856.5899925,127776380.66666667,29,22983.35828293603,0.8275862068965517,0,9
2797,9319435261.5826,82867.41531879746,Bakery and Pastries,-6.23578549,106.80731102,Kebayoran Baru,3,1,2024-01-01,2024-03-31,30863,91,776619605.1318833,112462.0,308.11506849315066,339.15384615384613,1,510825195.03749996,51828.85501598011,881685807.5210959,470025179.1666667,47,62177.6332678376,1.574468085106383,2,1
2826,23658138050.484,35529.02473784244,Coffee,-6.22918971,106.80648778,Kebayoran Baru,3,1,2024-01-01,2024-03-31,145439,91,1971511504.207,665882.0,1824.3342465753424,1598.2307692307693,3,1085978678.4576137,62479.18167144727,881685807.5210959,470025179.1666667,47,62177.6332678376,1.574468085106383,2,5
2830,5091092368.688,35511.15584370073,Coffee,-6.2671802,106.7819459,Kebayoran Lama,3,1,2024-01-01,2024-03-31,21622,91,424257697.39066666,143366.0,392.78356164383564,237.6043956043956,1,188239290.04208335,45872.862201068194,121811135.82639076,57031807.583333336,37,37332.39063237028,1.2162162162162162,3,5
2831,6246588300.096,34247.02189769624,Coffee,-6.22316988,106.84272204,Tebet,3,1,2024-01-01,2024-03-31,39490,91,520549025.00799996,182398.00000000003,499.72054794520557,433.95604395604397,1,272502562.03658336,39289.08740164605,300771653.12145936,182018872.0,25,37667.8902705383,2.0,8,5
2957,140041662.4,37992.854693434616,Coffee,-6.27715261,106.82714226,Pasar Minggu,1,1,2024-01-01,2024-03-31,1591,91,11670138.533333333,3686.0000000000005,10.098630136986303,17.483516483516482,0,0.0,0.0,34836567.00784653,21411128.769091666,12,52343.61297993652,0.0,6,5
3075,5640302150.0,23516.15252159701,Alcoholic Beverages,-6.23849695,106.79038965,Kebayoran Baru,3,1,2024-01-02,2024-03-31,35532,90,470025179.1666667,239848.0,657.1178082191781,394.8,2,668779681.0080458,381437.4079092998,881685807.5210959,470025179.1666667,47,62177.6332678376,1.574468085106383,2,0
3085,8184006425.0,20656.250441696116,Alcoholic Beverages,-6.29141849,106.79920719,Cilandak,3,1,2024-01-01,2024-03-31,50246,91,682000535.4166666,396199.99999999994,1085.4794520547944,552.1538461538462,0,0.0,0.0,381344856.5899925,127776380.66666667,29,22983.35828293603,0.8275862068965517,0,0
3092,976335150.0,18910.22951772225,Alcoholic Beverages,-6.22122505,106.83267098,Setia Budi,3,1,2024-01-01,2024-03-31,9072,91,81361262.5,51630.00000000001,141.45205479452056,99.6923076923077,3,267082441.41119444,49864.83038860994,162909053.95716113,68313109.53333333,33,28346.073539385277,3.0303030303030303,7,0
3094,1260339500.0,21634.50116726174,Alcoholic Beverages,-6.25535887,106.84374928,Pancoran,3,1,2024-01-02,2024-03-31,11162,90,105028291.66666667,58256.0,159.6054794520548,124.02222222222223,0,0.0,0.0,105028291.66666667,105028291.66666667,1,21634.50116726174,0.0,5,0
3101,623052450.0,23272.540340654414,Alcoholic Beverages,-6.22127563,106.81945915,Setia Budi,1,1,2024-01-02,2024-03-28,5024,87,51921037.5,26772.0,73.34794520547945,57.747126436781606,6,233628542.00559723,54984.859541957085,162909053.95716113,68313109.53333333,33,28346.073539385277,3.0303030303030303,7,0
3107,841495350.0,18130.986598293544,Alcoholic Beverages,-6.21488633,106.82069263,Setia Budi,3,1,2024-01-02,2024-03-28,6920,87,70124612.5,46412.0,127.15616438356165,79.54022988505747,5,218918574.74005002,50891.81162338143,162909053.95716113,68313109.53333333,33,28346.073539385277,3.0303030303030303,7,0
3113,4342342755.96,45008.63156325794,Tea and Beverages,-6.2292724,106.8171264,Setia Budi,3,1,2024-01-01,2024-03-31,11002,91,361861896.33,96478.0,264.3232876712329,120.9010989010989,5,949390063.4021499,30355.77556452062,162909053.95716113,68313109.53333333,33,28346.073539385277,3.0303030303030303,7,15
3118,11824162867.44,44762.38431914717,Tea and Beverages,-6.22403,106.840023,Tebet,1,1,2024-01-01,2024-03-31,10988,91,985346905.62,264154.0,723.7095890410959,120.74725274725274,6,416789176.7823,29270.05787078821,300771653.12145936,182018872.0,25,37667.8902705383,2.0,8,15
3123,11967664836.435,46859.43278621351,Tea and Beverages,-6.2254068,106.80986239,Kebayoran Baru,3,1,2024-01-01,2024-03-31,43540,91,997305403.03625,255395.0,699.7123287671233,478.46153846153845,6,1399688087.258832,68172.6713987515,881685807.5210959,470025179.1666667,47,62177.6332678376,1.574468085106383,2,15
3164,49586000.0,28530.494821634064,Japanese Food,-6.22403994,106.82327021,Setia Budi,3,1,2024-01-01,2024-03-31,518,91,4132166.6666666665,1738.0,4.761643835616439,5.6923076923076925,0,0.0,0.0,162909053.95716113,68313109.53333333,33,28346.073539385277,3.0303030303030303,7,9
3166,533653900.0,35767.68766756032,Alcoholic Beverages,-6.22382766,106.82337371,Setia Budi,3,1,2024-01-01,2024-03-31,2296,91,44471158.333333336,14920.0,40.87671232876713,25.23076923076923,7,212940341.9571786,48046.31992036556,162909053.95716113,68313109.53333333,33,28346.073539385277,3.0303030303030303,7,0
3387,77048000.0,7374.425727411944,Cakes and Desserts,-6.32686922,106.81156303,Jagakarsa,1,1,2024-01-01,2024-03-31,2232,91,6420666.666666667,10448.000000000002,28.62465753424658,24.52747252747253,0,0.0,0.0,94933453.67568667,66952173.333333336,5,23236.733976627816,0.0,1,3
3451,14189000.0,69896.55172413793,Tea and Beverages,-6.25055805,106.79778735,Kebayoran Baru,2,1,2024-01-02,2024-03-01,56,60,1182416.6666666667,203.0,0.5561643835616439,0.9333333333333333,2,168477703.05662915,29651.061140982223,881685807.5210959,470025179.1666667,47,62177.6332678376,1.574468085106383,2,15
3474,6780598535.4555,10895.048068075988,Non-Food Items/ Event,-6.24451234,106.7995649,Kebayoran Baru,1,1,2024-01-01,2024-03-31,36904,91,565049877.954625,622356.0,1705.0849315068492,405.53846153846155,0,0.0,0.0,881685807.5210959,470025179.1666667,47,62177.6332678376,1.574468085106383,2,10
3556,872753537.6238,24413.369258547093,Tea and Beverages,-6.29254061,106.78299336,Cilandak,2,1,2024-01-02,2024-03-30,10794,89,72729461.46865,35749.0,97.94246575342466,121.28089887640449,2,107203341.156625,31152.14092493942,381344856.5899925,127776380.66666667,29,22983.35828293603,0.8275862068965517,0,15
3567,70879949.4,25459.751939655176,Tea and Beverages,-6.27515613,106.8162433,Pasar Minggu,1,1,2024-01-02,2024-03-31,691,90,5906662.45,2784.0,7.627397260273972,7.677777777777778,0,0.0,0.0,34836567.00784653,21411128.769091666,12,52343.61297993652,0.0,6,15
3589,563795386.0,28713.796078431373,Alcoholic Beverages,-6.2967584,106.788549,Cilandak,3,1,2024-02-29,2024-03-31,5803,32,46982948.833333336,19635.0,53.794520547945204,181.34375,1,27010725.0,9537.40473738414,381344856.5899925,127776380.66666667,29,22983.35828293603,0.8275862068965517,0,0
3726,1437560578.64,201961.3063557179,Tea and Beverages,-6.25804778,106.81086901,Mampang Prapatan,2,1,2024-01-02,2024-03-31,1588,90,119796714.88666667,7118.0,19.5013698630137,17.644444444444446,3,223515765.3256167,55341.782774386906,165555757.0346049,119796714.88666667,17,41422.6964736174,1.1176470588235294,4,15
3736,243220573.3,21815.46087541484,Tea and Beverages,-6.2443922,106.7830187,Kebayoran Lama,3,1,2024-02-01,2024-03-31,2804,60,20268381.108333334,11148.999999999998,30.54520547945205,46.733333333333334,4,96120936.48405625,67581.50966574815,121811135.82639076,57031807.583333336,37,37332.39063237028,1.2162162162162162,3,15
3803,7826000.0,14075.539568345324,Coffee,-6.2107368,106.823168,Setia Budi,1,1,2024-01-02,2024-01-11,132,10,652166.6666666666,556.0,1.5232876712328767,13.2,1,847190500.0,9072.002869834789,162909053.95716113,68313109.53333333,33,28346.073539385277,3.0303030303030303,7,5
3810,821946905.507,33169.7701980226,Tea and Beverages,-6.2440473,106.7972066,Kebayoran Baru,1,1,2024-01-01,2024-03-31,12530,91,68495575.45891666,24780.0,67.89041095890411,137.69230769230768,2,134821123.66050416,48014.45190403989,881685807.5210959,470025179.1666667,47,62177.6332678376,1.574468085106383,2,15
3874,437416000.0,10155.696408256135,Alcoholic Beverages,-6.27911982,106.7981233,Cilandak,1,1,2024-01-02,2024-03-31,7105,90,36451333.333333336,43071.0,118.0027397260274,78.94444444444444,1,29727250.0,9912.662906049409,381344856.5899925,127776380.66666667,29,22983.35828293603,0.8275862068965517,0,0
3876,1687375900.0,7925.748010784507,Alcoholic Beverages,-6.245788,106.801314,Kebayoran Baru,1,1,2024-01-01,2024-03-31,25410,91,140614658.33333334,212898.0,583.2821917808219,279.2307692307692,1,985578062.07,232019.004685526,881685807.5210959,470025179.1666667,47,62177.6332678376,1.574468085106383,2,0
3879,356727000.0,9912.662906049409,Alcoholic Beverages,-6.28350137,106.78956625,Cilandak,1,1,2024-01-02,2024-03-31,6314,90,29727250.0,35986.99999999999,98.59452054794518,70.15555555555555,1,36451333.333333336,10155.696408256135,381344856.5899925,127776380.66666667,29,22983.35828293603,0.8275862068965517,0,0
3956,658076200.0,6875.371676330774,Alcoholic Beverages,-6.265941,106.775124,Kebayoran Lama,2,1,2024-01-01,2024-03-31,5808,91,54839683.333333336,95715.0,262.2328767123288,63.824175824175825,0,0.0,0.0,121811135.82639076,57031807.583333336,37,37332.39063237028,1.2162162162162162,3,0
4060,324128700.0,9537.40473738414,Alcoholic Beverages,-6.2964169,106.789124,Cilandak,3,1,2024-03-06,2024-03-31,5166,26,27010725.0,33985.0,93.10958904109589,198.69230769230768,1,46982948.833333336,28713.796078431373,381344856.5899925,127776380.66666667,29,22983.35828293603,0.8275862068965517,0,0
4248,483254281.0,15952.671607302016,Thai Food,-6.279324,106.845087,Pasar Minggu,1,1,2024-01-01,2024-03-31,5822,91,40271190.083333336,30293.0,82.9945205479452,63.97802197802198,0,0.0,0.0,34836567.00784653,21411128.769091666,12,52343.61297993652,0.0,6,16
4251,726560820.0,14771.699670637989,Thai Food,-6.214268,106.825973,Setia Budi,3,1,2024-01-01,2024-03-31,11274,91,60546735.0,49185.99999999999,134.7561643835616,123.89010989010988,3,365827793.80822223,14103.025818250071,162909053.95716113,68313109.53333333,33,28346.073539385277,3.0303030303030303,7,16
4255,2184226464.0,14012.410115603228,Thai Food,-6.242325,106.851428,Tebet,3,1,2024-01-01,2024-03-31,16476,91,182018872.0,155878.0,427.06301369863013,181.05494505494505,1,84205183.33333333,33903.57670111395,300771653.12145936,182018872.0,25,37667.8902705383,2.0,8,16
4256,6450791480.0,13997.53387204569,Thai Food,-6.26396,106.796796,Kebayoran Baru,3,1,2024-01-01,2024-03-31,46473,91,537565956.6666666,460852.0,1262.6082191780822,510.6923076923077,0,0.0,0.0,881685807.5210959,470025179.1666667,47,62177.6332678376,1.574468085106383,2,16
4258,5623486134.0,14253.74216213339,Thai Food,-6.302599,106.794465,Cilandak,1,1,2024-01-01,2024-03-31,43610,91,468623844.5,394527.0,1080.8958904109588,479.2307692307692,1,2045918.5926666667,10960.278175,381344856.5899925,127776380.66666667,29,22983.35828293603,0.8275862068965517,0,16
4259,889445016.0,14413.771569326504,Thai Food,-6.245658,106.815757,Mampang Prapatan,3,1,2024-01-01,2024-03-31,10826,91,74120418.0,61708.00000000001,169.06301369863016,118.96703296703296,0,0.0,0.0,165555757.0346049,119796714.88666667,17,41422.6964736174,1.1176470588235294,4,16
4266,457380832.0,14973.019674599796,Thai Food,-6.266328,106.77511,Kebayoran Lama,3,1,2024-01-01,2024-03-31,5466,91,38115069.333333336,30547.0,83.69041095890411,60.065934065934066,1,278711945.875,62749.40620075047,121811135.82639076,57031807.583333336,37,37332.39063237028,1.2162162162162162,3,16
4282,176594356.0,13557.067096576078,Thai Food,-6.224968,106.859233,Tebet,1,1,2024-01-01,2024-01-23,2302,23,14716196.333333334,13026.0,35.68767123287671,100.08695652173913,0,0.0,0.0,300771653.12145936,182018872.0,25,37667.8902705383,2.0,8,16
4289,322477644.0,13423.145354645354,Thai Food,-6.242949,106.832357,Mampang Prapatan,1,1,2024-01-01,2024-03-15,5696,75,26873137.0,24024.0,65.81917808219178,75.94666666666667,0,0.0,0.0,165555757.0346049,119796714.88666667,17,41422.6964736174,1.1176470588235294,4,16
4290,1597796448.0,14269.60711606473,Thai Food,-6.363502,106.805242,Jagakarsa,3,1,2024-01-01,2024-03-31,20876,91,133149704.0,111972.0,306.77260273972604,229.4065934065934,0,0.0,0.0,94933453.67568667,66952173.333333336,5,23236.733976627816,0.0,1,16
4291,51870584.0,13628.63478717814,Thai Food,-6.221312,106.841812,Tebet,1,1,2024-01-01,2024-01-12,898,12,4322548.666666667,3806.0,10.427397260273972,74.83333333333333,1,623837663.9166666,63988.81927515172,300771653.12145936,182018872.0,25,37667.8902705383,2.0,8,16
4296,567302686.0,14119.734332221611,Thai Food,-6.229379,106.821532,Setia Budi,1,1,2024-01-01,2024-03-19,6158,79,47275223.833333336,40178.00000000001,110.07671232876714,77.9493670886076,4,279882262.02283335,12563.962064198218,162909053.95716113,68313109.53333333,33,28346.073539385277,3.0303030303030303,7,16
4513,942053000.0,10678.330556216772,Thai Food,-6.27763953,106.79886918,Cilandak,1,1,2024-01-01,2024-03-31,14007,91,78504416.66666667,88221.00000000001,241.70136986301375,153.92307692307693,0,0.0,0.0,381344856.5899925,127776380.66666667,29,22983.35828293603,0.8275862068965517,0,16
4618,5613848759.0,140839.15602107375,Alcoholic Beverages,-6.21621332,106.81816962,Setia Budi,1,1,2024-01-02,2024-03-30,9366,89,467820729.9166667,39860.0,109.20547945205479,105.23595505617978,5,139379351.25671667,26350.17773882539,162909053.95716113,68313109.53333333,33,28346.073539385277,3.0303030303030303,7,0
4648,1274509542.3872,65359.463712164106,Tea and Beverages,-6.22372243,106.84216895,Tebet,2,1,2024-01-01,2024-03-31,3360,91,106209128.53226668,19500.0,53.42465753424658,36.92307692307692,5,659361076.8563068,30784.038505434863,300771653.12145936,182018872.0,25,37667.8902705383,2.0,8,15
4663,73956396.8479,10914.462344731406,Coffee,-6.27333123,106.79819145,Cilandak,2,1,2024-01-16,2024-02-29,1988,45,6163033.070658334,6776.0,18.564383561643837,44.17777777777778,1,1447250.0,18242.647058823528,381344856.5899925,127776380.66666667,29,22983.35828293603,0.8275862068965517,0,5
4722,2258871480.505,45872.862201068194,Coffee,-6.26555106,106.78319113,Kebayoran Lama,3,1,2024-01-01,2024-03-31,8184,91,188239290.04208335,49242.0,134.9095890410959,89.93406593406593,1,424257697.39066666,35511.15584370073,121811135.82639076,57031807.583333336,37,37332.39063237028,1.2162162162162162,3,5
4732,1056839645.753,42776.63910600664,Cakes and Desserts,-6.24409159,106.78387253,Kebayoran Lama,3,1,2024-01-01,2024-03-31,5202,91,88069970.47941667,24706.0,67.68767123287671,57.16483516483517,0,0.0,0.0,121811135.82639076,57031807.583333336,37,37332.39063237028,1.2162162162162162,3,3
4733,7759070579.3615,48598.67827930989,Coffee,-6.29162728,106.79962148,Cilandak,2,1,2024-01-01,2024-03-31,38367,91,646589214.9467916,159656.0,437.413698630137,421.61538461538464,0,0.0,0.0,381344856.5899925,127776380.66666667,29,22983.35828293603,0.8275862068965517,0,5
4740,3270030744.439,39289.08740164605,Coffee,-6.22369935,106.84213761,Tebet,3,1,2024-01-01,2024-03-31,14092,91,272502562.03658336,83229.99999999999,228.02739726027394,154.85714285714286,1,520549025.00799996,34247.02189769624,300771653.12145936,182018872.0,25,37667.8902705383,2.0,8,5
4887,6474745516.8256,55720.70152173494,Comfort Food,-6.249482,106.799418,Kebayoran Baru,1,1,2024-01-01,2024-03-31,46144,91,539562126.4021333,116200.0,318.35616438356163,507.0769230769231,1,94084270.0,29615.73999265516,881685807.5210959,470025179.1666667,47,62177.6332678376,1.574468085106383,2,6
4888,6129902340.45,51828.85501598011,Bakery and Pastries,-6.241037,106.810624,Kebayoran Baru,1,1,2024-01-01,2024-03-31,45563,91,510825195.03749996,118272.0,324.03287671232874,500.6923076923077,1,776619605.1318833,82867.41531879746,881685807.5210959,470025179.1666667,47,62177.6332678376,1.574468085106383,2,1
4972,819757314.4,30640.55148389026,Comfort Food,-6.22552157,106.82650377,Setia Budi,1,1,2024-01-01,2024-03-01,4720,61,68313109.53333333,26754.0,73.2986301369863,77.37704918032787,2,32815406.25,35537.231953977265,162909053.95716113,68313109.53333333,33,28346.073539385277,3.0303030303030303,7,6
4985,390470000.0,31974.287585981,Snacks and Appetizers,-6.2112016,106.82104186,Setia Budi,1,1,2024-01-01,2024-03-31,1932,91,32539166.666666668,12212.0,33.45753424657534,21.23076923076923,0,0.0,0.0,162909053.95716113,68313109.53333333,33,28346.073539385277,3.0303030303030303,7,13
4987,271303000.0,46543.66100531824,Breakfast and Egg Dishes,-6.26616183,106.78357917,Kebayoran Lama,3,1,2024-01-01,2024-03-31,392,91,22608583.333333332,5829.0,15.96986301369863,4.3076923076923075,1,424700801.0416667,79891.04609512165,121811135.82639076,57031807.583333336,37,37332.39063237028,1.2162162162162162,3,2
5093,62916000.0,18803.34728033473,Comfort Food,-6.2648233,106.8086157,Kebayoran Baru,3,1,2024-03-09,2024-03-31,686,23,5243000.0,3346.0,9.167123287671233,29.82608695652174,1,186456958.33333334,29845.05135387488,881685807.5210959,470025179.1666667,47,62177.6332678376,1.574468085106383,2,6
5110,767461447.58,61544.62290136328,Tea and Beverages,-6.22546758,106.85241985,Tebet,3,1,2024-01-02,2024-03-31,3154,90,63955120.63166667,12470.0,34.16438356164384,35.044444444444444,3,697345559.7260667,28973.162653915835,300771653.12145936,182018872.0,25,37667.8902705383,2.0,8,15
5122,4951083987.39,27185.38563163357,Thai Food,-6.243099,106.783825,Kebayoran Lama,3,1,2024-01-01,2024-03-31,14610,91,412590332.2825,182123.0,498.96712328767126,160.54945054945054,0,0.0,0.0,121811135.82639076,57031807.583333336,37,37332.39063237028,1.2162162162162162,3,16
5123,44373861033.32,29663.238254774147,Tea and Beverages,-6.224891,106.809784,Kebayoran Baru,1,1,2024-01-01,2024-03-31,112854,91,3697821752.7766666,1495921.0,4098.413698630137,1240.1538461538462,6,949602028.9687624,71038.70382065805,881685807.5210959,470025179.1666667,47,62177.6332678376,1.574468085106383,2,15
5124,7042317980.38,27025.343194771704,Tea and Beverages,-6.223986,106.843102,Tebet,1,1,2024-01-01,2024-03-31,16970,91,586859831.6983334,260582.0,713.9232876712329,186.4835164835165,6,480018300.2911889,42299.822657655,300771653.12145936,182018872.0,25,37667.8902705383,2.0,8,15
5204,420633706.0,48382.06878306878,Tea and Beverages,-6.27181365,106.84100801,Pasar Minggu,1,1,2024-01-01,2024-03-31,2905,91,35052808.833333336,8694.0,23.81917808219178,31.923076923076923,0,0.0,0.0,34836567.00784653,21411128.769091666,12,52343.61297993652,0.0,6,15
5208,5449142421.8,70877.62154238368,Fried Food,-6.23846355,106.8150966,Kebayoran Baru,3,1,2024-02-02,2024-03-31,17794,59,454095201.81666666,76881.0,210.63287671232877,301.59322033898303,0,0.0,0.0,881685807.5210959,470025179.1666667,47,62177.6332678376,1.574468085106383,2,7
5210,18958560128.7082,16839.6145857666,Non-Food Items/ Event,-6.27821257,106.80736525,Cilandak,3,1,2024-01-01,2024-03-31,52430,91,1579880010.7256832,1125831.0,3084.468493150685,576.1538461538462,0,0.0,0.0,381344856.5899925,127776380.66666667,29,22983.35828293603,0.8275862068965517,0,10
5238,1129011240.0,29615.73999265516,Comfort Food,-6.24460602,106.79974317,Kebayoran Baru,3,1,2024-02-06,2024-03-31,6573,55,94084270.0,38122.0,104.44383561643835,119.50909090909092,1,539562126.4021333,55720.70152173494,881685807.5210959,470025179.1666667,47,62177.6332678376,1.574468085106383,2,6
5303,10166286000.0,9072.002869834789,Coffee,-6.22006395,106.822877,Setia Budi,1,1,2024-01-01,2024-03-31,2380,91,847190500.0,1120622.0,3070.1972602739725,26.153846153846153,4,53530106.076675,17963.158807683587,162909053.95716113,68313109.53333333,33,28346.073539385277,3.0303030303030303,7,5
5307,40570649000.0,9342.846826050582,Coffee,-6.246454,106.798887,Kebayoran Baru,1,1,2024-01-01,2024-03-31,8729,91,3380887416.6666665,4342429.0,11897.065753424658,95.92307692307692,3,384209712.4091334,32672.85110812671,881685807.5210959,470025179.1666667,47,62177.6332678376,1.574468085106383,2,5
5391,11060640150.0,10249.818043825166,Seafood,-6.27269571,106.80846982,Cilandak,3,1,2024-01-01,2024-03-31,32557,91,921720012.5,1079106.0,2956.454794520548,357.7692307692308,0,0.0,0.0,381344856.5899925,127776380.66666667,29,22983.35828293603,0.8275862068965517,0,11
5441,2633061593.8,22238.320246279625,Tea and Beverages,-6.22216747,106.84228071,Setia Budi,1,1,2024-01-01,2024-03-31,4320,91,219421799.48333335,118402.0,324.38904109589043,47.472527472527474,5,636718542.6660935,39408.267198611764,162909053.95716113,68313109.53333333,33,28346.073539385277,3.0303030303030303,7,15
5473,124927813.1666,17740.38812362965,Tea and Beverages,-6.22681651,106.71754446,Pasar Minggu,2,1,2024-01-18,2024-03-31,1639,74,10410651.097216668,7042.0,19.293150684931508,22.14864864864865,0,0.0,0.0,34836567.00784653,21411128.769091666,12,52343.61297993652,0.0,6,15
5525,799277052.0,125751.58149779736,Seafood,-6.2520817,106.7994406,Kebayoran Baru,3,1,2024-02-12,2024-03-31,2562,49,66606421.0,6356.0,17.413698630136988,52.285714285714285,0,0.0,0.0,881685807.5210959,470025179.1666667,47,62177.6332678376,1.574468085106383,2,11
5604,11826936744.84,232019.004685526,Alcoholic Beverages,-6.2425903,106.80393167,Kebayoran Baru,2,1,2024-01-03,2024-03-31,11515,89,985578062.07,50973.99999999999,139.65479452054794,129.38202247191012,1,140614658.33333334,7925.748010784507,881685807.5210959,470025179.1666667,47,62177.6332678376,1.574468085106383,2,0
5612,5399608389.6092,15517.364585682755,Thai Food,-6.2674842,106.8149928,Mampang Prapatan,3,1,2024-01-01,2024-03-31,12052,91,449967365.80076665,347972.0,953.3479452054795,132.43956043956044,1,26262833.333333332,8920.546859520507,165555757.0346049,119796714.88666667,17,41422.6964736174,1.1176470588235294,4,16
5614,40742505999.9965,16817.66381766237,Thai Food,-6.24439894,106.80061744,Kebayoran Baru,3,1,2024-01-01,2024-03-31,43281,91,3395208833.3330417,2422602.0,6637.265753424657,475.61538461538464,1,2664916.6666666665,42468.79150066401,881685807.5210959,470025179.1666667,47,62177.6332678376,1.574468085106383,2,16
5710,2829201579.5,70800.84032782783,Tea and Beverages,-6.24477769,106.78395255,Kebayoran Lama,3,1,2024-02-07,2024-03-31,6756,54,235766798.29166666,39960.0,109.47945205479452,125.11111111111111,4,42246332.188222915,55335.1648026449,121811135.82639076,57031807.583333336,37,37332.39063237028,1.2162162162162162,3,15
5769,166591000.0,14445.976413458204,Steaks and BBQ,-6.26127526,106.81257534,Mampang Prapatan,1,1,2024-01-01,2024-03-31,1856,91,13882583.333333334,11532.0,31.594520547945205,20.395604395604394,1,343806690.59178334,46085.658129860814,165555757.0346049,119796714.88666667,17,41422.6964736174,1.1176470588235294,4,14
5776,1703160006.0,50989.76127178013,Chinese Food,-6.22339568,106.82587254,Setia Budi,3,1,2024-01-01,2024-03-31,4814,91,141930000.5,33402.0,91.5123287671233,52.9010989010989,0,0.0,0.0,162909053.95716113,68313109.53333333,33,28346.073539385277,3.0303030303030303,7,4
5833,3221517967.8521,26132.35208394185,Tea and Beverages,-6.25055805,106.79778735,Kebayoran Baru,2,1,2024-01-01,2024-03-31,24878,91,268459830.65434164,123277.00000000003,337.7452054794521,273.38461538461536,2,34838996.06279167,51533.16096108026,881685807.5210959,470025179.1666667,47,62177.6332678376,1.574468085106383,2,15
5925,27007141154.0,166652.11101032354,Tea and Beverages,-6.22948272,106.80675533,Kebayoran Baru,1,1,2024-01-01,2024-03-31,42532,91,2250595096.1666665,162057.0,443.9917808219178,467.38461538461536,4,1689215025.1898103,50851.475378226365,881685807.5210959,470025179.1666667,47,62177.6332678376,1.574468085106383,2,15
5939,32897939372.774,123106.28731878666,Coffee,-6.22450958,106.81036484,Kebayoran Baru,1,1,2024-01-01,2024-03-31,49665,91,2741494947.7311664,267232.0,732.1424657534246,545.7692307692307,2,1153669320.4432666,26171.399969376827,881685807.5210959,470025179.1666667,47,62177.6332678376,1.574468085106383,2,5
5972,293774360.4,49893.74327445652,Chinese Food,-6.24394104,106.78359361,Kebayoran Lama,3,1,2024-01-01,2024-03-31,1584,91,24481196.7,5887.999999999999,16.131506849315066,17.406593406593405,1,58161336.092750005,27163.385736475444,121811135.82639076,57031807.583333336,37,37332.39063237028,1.2162162162162162,3,4
5973,1075313996.1999,96640.06436594768,Tea and Beverages,-6.24401569,106.78347559,Kebayoran Lama,3,1,2024-01-01,2024-03-31,1234,91,89609499.683325,11127.000000000002,30.48493150684932,13.56043956043956,4,78785656.84030834,48875.35879311494,121811135.82639076,57031807.583333336,37,37332.39063237028,1.2162162162162162,3,15
6030,1398880000.0,729343.0656934306,Alcoholic Beverages,-6.23626199,106.78132771,Kebayoran Baru,2,1,2024-01-05,2024-03-30,854,86,116573333.33333333,1918.0000000000002,5.254794520547946,9.930232558139535,2,845505603.9247125,28523.95132338301,881685807.5210959,470025179.1666667,47,62177.6332678376,1.574468085106383,2,0
6203,13122177292.7,35957.27847661795,Coffee,-6.24855933,106.8034744,Kebayoran Baru,1,1,2024-01-01,2024-03-31,44667,91,1093514774.3916667,364938.0,999.8301369863013,490.84615384615387,3,1146667259.8341334,23801.373891270923,881685807.5210959,470025179.1666667,47,62177.6332678376,1.574468085106383,2,5
6219,18378360.0,41674.28571428572,Tea and Beverages,-6.238472,106.815903,Kebayoran Baru,2,1,2024-02-26,2024-03-01,168,5,1531530.0,440.99999999999994,1.2082191780821916,33.6,2,182564952.33166665,34079.315781628975,881685807.5210959,470025179.1666667,47,62177.6332678376,1.574468085106383,2,15
6240,10250513859.131,34053.279445909495,Steaks and BBQ,-6.24221436,106.81118554,Kebayoran Baru,1,1,2024-01-01,2024-03-31,50771,91,854209488.2609167,301014.0,824.6958904109589,557.9230769230769,0,0.0,0.0,881685807.5210959,470025179.1666667,47,62177.6332678376,1.574468085106383,2,14
6384,428685409.0288,23356.511334248666,Coffee,-6.24414717,106.79759016,Kebayoran Baru,1,1,2024-01-01,2024-03-26,8050,86,35723784.08573333,18354.0,50.28493150684932,93.6046511627907,3,1499264256.6027777,28001.629605394013,881685807.5210959,470025179.1666667,47,62177.6332678376,1.574468085106383,2,5
6403,244782818.1412,22851.27129772218,Coffee,-6.2241507,106.82120879,Setia Budi,1,1,2024-01-02,2024-03-31,3624,90,20398568.178433333,10712.0,29.34794520547945,40.266666666666666,3,346753396.48719996,14665.942411500544,162909053.95716113,68313109.53333333,33,28346.073539385277,3.0303030303030303,7,5
6409,242586936.3232,21671.157434625693,Coffee,-6.22412512,106.82121006,Setia Budi,3,1,2024-01-01,2024-03-31,4224,91,20215578.02693333,11193.999999999998,30.668493150684927,46.417582417582416,3,346814393.2043666,15059.313699199374,162909053.95716113,68313109.53333333,33,28346.073539385277,3.0303030303030303,7,5
6438,13720999.9979,16897.78324864532,Coffee,-6.2771833,106.78132203,Kebayoran Lama,1,1,2024-01-01,2024-02-14,361,45,1143416.6664916666,812.0,2.2246575342465755,8.022222222222222,0,0.0,0.0,121811135.82639076,57031807.583333336,37,37332.39063237028,1.2162162162162162,3,5
6450,135243672.7101,20134.53516601161,Coffee,-6.29381952,106.81623028,Pasar Minggu,1,1,2024-01-01,2024-03-31,2379,91,11270306.059175,6717.0,18.4027397260274,26.142857142857142,0,0.0,0.0,34836567.00784653,21411128.769091666,12,52343.61297993652,0.0,6,5
6521,53344545.4517,18464.709398303912,Coffee,-6.2458341,106.7848982,Kebayoran Lama,1,1,2024-01-01,2024-03-31,1111,91,4445378.787641667,2889.0,7.9150684931506845,12.208791208791208,1,31138916.66668333,38677.88013665252,121811135.82639076,57031807.583333336,37,37332.39063237028,1.2162162162162162,3,5
6524,63188999.9972,15352.040815646258,Tea and Beverages,-6.2899392,106.77815061,Cilandak,1,1,2024-01-03,2024-02-29,2149,58,5265749.999766666,4116.0,11.276712328767124,37.05172413793103,3,619886657.9317027,31855.337452498712,381344856.5899925,127776380.66666667,29,22983.35828293603,0.8275862068965517,0,15
6547,18933474960.1557,24200.40206471646,Tea and Beverages,-6.2981256,106.7735941,Cilandak,3,1,2024-01-01,2024-03-31,62580,91,1577789580.012975,782362.0,2143.4575342465755,687.6923076923077,2,107203341.156625,31152.14092493942,381344856.5899925,127776380.66666667,29,22983.35828293603,0.8275862068965517,0,15
6554,130000.0,10833.333333333334,Coffee,-6.23491195,106.82346079,Mampang Prapatan,3,1,2024-03-18,2024-03-18,10,1,10833.333333333334,12.0,0.03287671232876712,10.0,0,0.0,0.0,165555757.0346049,119796714.88666667,17,41422.6964736174,1.1176470588235294,4,5
6591,187246650.0,25763.160429279036,Tea and Beverages,-6.3057038,106.8350547,Pasar Minggu,1,1,2024-01-02,2024-03-31,2497,90,15603887.5,7267.999999999999,19.912328767123284,27.744444444444444,0,0.0,0.0,34836567.00784653,21411128.769091666,12,52343.61297993652,0.0,6,15
6606,98006130.1254,13244.071638567568,Tea and Beverages,-6.2056945,106.822272,Setia Budi,2,1,2024-01-25,2024-03-19,1934,55,8167177.510450001,7400.0,20.273972602739725,35.163636363636364,0,0.0,0.0,162909053.95716113,68313109.53333333,33,28346.073539385277,3.0303030303030303,7,15
6662,1540157502.2,17790.480781314975,Steaks and BBQ,-6.22008405,106.83274745,Setia Budi,2,1,2024-01-01,2024-03-14,9140,74,128346458.51666667,86572.0,237.18356164383562,123.51351351351352,1,303008675.9164167,46395.44876993059,162909053.95716113,68313109.53333333,33,28346.073539385277,3.0303030303030303,7,14
6672,21381975111.7,22573.75659091749,Comfort Food,-6.2778655,106.8009482,Cilandak,3,1,2024-01-01,2024-03-31,60613,91,1781831259.3083334,947205.0000000001,2595.082191780822,666.0769230769231,0,0.0,0.0,381344856.5899925,127776380.66666667,29,22983.35828293603,0.8275862068965517,0,6
6673,1407297997.3545,19644.848295636333,Comfort Food,-6.2837323,106.7806701,Kebayoran Lama,3,1,2024-01-01,2024-03-31,6013,91,117274833.112875,71637.0,196.26575342465753,66.07692307692308,0,0.0,0.0,121811135.82639076,57031807.583333336,37,37332.39063237028,1.2162162162162162,3,6
6835,1242927358.0,11184.042309284288,Thai Food,-6.22113587,106.82507323,Setia Budi,1,1,2024-01-01,2024-03-31,12300,91,103577279.83333333,111133.99999999999,304.47671232876706,135.16483516483515,4,275432015.10616666,15004.117287081383,162909053.95716113,68313109.53333333,33,28346.073539385277,3.0303030303030303,7,16
6842,3430439440.7661,10917.6994954508,Comfort Food,-6.30150728,106.79476287,Cilandak,1,1,2024-01-01,2024-03-31,36526,91,285869953.397175,314208.99999999994,860.8465753424656,401.38461538461536,0,0.0,0.0,381344856.5899925,127776380.66666667,29,22983.35828293603,0.8275862068965517,0,6
6844,326620440.4582,11294.710576741129,Comfort Food,-6.27755972,106.83192245,Pasar Minggu,1,1,2024-01-01,2024-03-31,4256,91,27218370.03818333,28918.000000000004,79.22739726027399,46.76923076923077,0,0.0,0.0,34836567.00784653,21411128.769091666,12,52343.61297993652,0.0,6,6
6850,6787434.0,10877.298076923076,Thai Food,-6.22113587,106.82507323,Setia Budi,1,1,2024-01-01,2024-03-29,256,89,565619.5,624.0,1.7095890410958905,2.8764044943820224,4,301184930.18950003,15080.803345171684,162909053.95716113,68313109.53333333,33,28346.073539385277,3.0303030303030303,7,16
6856,24551023.112,10960.278175,Thai Food,-6.30150728,106.79476287,Cilandak,3,1,2024-01-01,2024-03-28,1029,88,2045918.5926666667,2240.0,6.136986301369863,11.693181818181818,1,468623844.5,14253.74216213339,381344856.5899925,127776380.66666667,29,22983.35828293603,0.8275862068965517,0,16
6858,2143812.0,14784.910344827586,Thai Food,-6.2784662,106.83225504,Pasar Minggu,2,1,2024-01-04,2024-03-26,74,83,178651.0,145.0,0.3972602739726027,0.891566265060241,0,0.0,0.0,34836567.00784653,21411128.769091666,12,52343.61297993652,0.0,6,16
6870,17367000.0,18242.647058823528,Coffee,-6.27703342,106.79776687,Cilandak,1,1,2024-01-02,2024-01-17,392,16,1447250.0,952.0000000000001,2.608219178082192,24.5,2,37764649.86950834,11737.657918055995,381344856.5899925,127776380.66666667,29,22983.35828293603,0.8275862068965517,0,5
50759,14199978976.5337,33105.9718518009,Japanese Food,-6.2247386,106.8098626,Kebayoran Baru,1,1,2024-01-01,2024-03-31,82880,91,1183331581.3778083,428924.99999999994,1175.1369863013697,910.7692307692307,0,0.0,0.0,881685807.5210959,470025179.1666667,47,62177.6332678376,1.574468085106383,2,9
50761,14651832344.1931,33531.75012516901,Alcoholic Beverages,-6.2435453,106.7839682,Kebayoran Baru,3,1,2024-01-01,2024-03-31,81809,91,1220986028.6827583,436954.0,1197.1342465753426,899.0,2,293299256.25,376429.6091075138,881685807.5210959,470025179.1666667,47,62177.6332678376,1.574468085106383,2,0
50764,8440381647.6906,35121.13600790023,Japanese Food,-6.222796,106.8420235,Tebet,1,1,2024-01-01,2024-03-31,29550,91,703365137.3075501,240322.0,658.4164383561643,324.72527472527474,3,29434377.84722222,50731.74467712918,300771653.12145936,182018872.0,25,37667.8902705383,2.0,8,9
50770,37557663527.482,65778.0073549186,Alcoholic Beverages,-6.2257678,106.7998901,Kebayoran Baru,3,1,2024-01-01,2024-03-31,100793,91,3129805293.9568334,570976.0,1564.317808219178,1107.6153846153845,0,0.0,0.0,881685807.5210959,470025179.1666667,47,62177.6332678376,1.574468085106383,2,0
50774,3256047844.7544,33832.583590548624,Japanese Food,-6.2607441,106.8126729,Mampang Prapatan,3,1,2024-01-01,2024-03-31,22466,91,271337320.3962,96240.0,263.67123287671234,246.87912087912088,0,0.0,0.0,165555757.0346049,119796714.88666667,17,41422.6964736174,1.1176470588235294,4,9
50784,3175526701.1266,34525.22588393402,Japanese Food,-6.26715,106.78375,Kebayoran Lama,3,1,2024-01-01,2024-03-31,14085,91,264627225.0938833,91977.00000000001,251.99178082191784,154.78021978021977,0,0.0,0.0,121811135.82639076,57031807.583333336,37,37332.39063237028,1.2162162162162162,3,9
50796,5613616350.803,33235.15062107326,Alcoholic Beverages,-6.2236876,106.8234033,Setia Budi,3,1,2024-01-01,2024-03-31,27836,91,467801362.5669167,168906.0,462.75616438356167,305.8901098901099,7,152464598.4952381,48408.110927006564,162909053.95716113,68313109.53333333,33,28346.073539385277,3.0303030303030303,7,0
50816,3084948591.9065,64188.189840130246,Indonesian Traditional Food,-6.2671747,106.7815713,Kebayoran Lama,3,1,2024-01-01,2024-03-31,10351,91,257079049.32554165,48061.0,131.67397260273972,113.74725274725274,0,0.0,0.0,121811135.82639076,57031807.583333336,37,37332.39063237028,1.2162162162162162,3,8
50835,72404000.0,47168.72964169381,Non-Food Items/ Event,-6.1753917,106.8271533,Kebayoran Lama,3,1,2024-02-01,2024-03-30,327,59,6033666.666666667,1535.0,4.205479452054795,5.5423728813559325,0,0.0,0.0,121811135.82639076,57031807.583333336,37,37332.39063237028,1.2162162162162162,3,10
50881,31979000.0,42468.79150066401,Thai Food,-6.2528023,106.80011607,Kebayoran Lama,1,1,2024-01-02,2024-01-31,150,30,2664916.6666666665,753.0,2.063013698630137,5.0,1,3395208833.3330417,16817.66381766237,121811135.82639076,57031807.583333336,37,37332.39063237028,1.2162162162162162,3,16
50906,3274945170.7912,61358.43614477461,Bakery and Pastries,-6.2654782,106.78273088,Kebayoran Lama,1,1,2024-01-01,2024-03-31,12409,91,272912097.56593335,53374.0,146.23013698630137,136.36263736263737,0,0.0,0.0,121811135.82639076,57031807.583333336,37,37332.39063237028,1.2162162162162162,3,1
50927,5919571069.0844,56142.67217781445,Bakery and Pastries,-6.2231991,106.8421909,Tebet,1,1,2024-01-01,2024-03-31,26282,91,493297589.09036666,105438.0,288.8712328767123,288.8131868131868,0,0.0,0.0,300771653.12145936,182018872.0,25,37667.8902705383,2.0,8,1
50939,5901787999.0804,31254.504046393053,Tea and Beverages,-6.22412,106.84319,Tebet,3,1,2024-01-01,2024-03-31,19692,91,491815666.59003335,188830.0,517.3424657534247,216.3956043956044,6,495858994.4759056,41594.96251571811,300771653.12145936,182018872.0,25,37667.8902705383,2.0,8,15
50977,6188088711.326,58770.73957495346,Bakery and Pastries,-6.260616,106.812197,Mampang Prapatan,1,1,2024-01-01,2024-03-31,24384,91,515674059.27716666,105292.0,288.47123287671235,267.95604395604397,1,32898999.993,40169.719161172165,165555757.0346049,119796714.88666667,17,41422.6964736174,1.1176470588235294,4,1
50978,4940941958.0798,34447.01440419281,Tea and Beverages,-6.260616,106.812197,Mampang Prapatan,3,1,2024-01-01,2024-03-31,17866,91,411745163.17331666,143436.0,392.97534246575344,196.32967032967034,3,126199615.89673333,111179.88009156194,165555757.0346049,119796714.88666667,17,41422.6964736174,1.1176470588235294,4,15
51110,12371294810.9884,47889.871833438105,Steaks and BBQ,-6.22461695,106.80990973,Kebayoran Baru,3,1,2024-01-01,2024-03-31,50890,91,1030941234.2490333,258328.00000000003,707.7479452054795,559.2307692307693,0,0.0,0.0,881685807.5210959,470025179.1666667,47,62177.6332678376,1.574468085106383,2,14
51111,12647305410.9486,47284.94938104685,Steaks and BBQ,-6.24438042,106.79745368,Kebayoran Baru,3,1,2024-01-01,2024-03-31,52444,91,1053942117.5790501,267470.0,732.7945205479452,576.3076923076923,0,0.0,0.0,881685807.5210959,470025179.1666667,47,62177.6332678376,1.574468085106383,2,14
51115,3636104110.997,46395.44876993059,Steaks and BBQ,-6.2245316,106.8238502,Setia Budi,3,1,2024-01-01,2024-03-31,16316,91,303008675.9164167,78372.0,214.7178082191781,179.2967032967033,1,128346458.51666667,17790.480781314975,162909053.95716113,68313109.53333333,33,28346.073539385277,3.0303030303030303,7,14
51117,14664021700.8229,43937.67026667856,Steaks and BBQ,-6.291831,106.800102,Cilandak,3,1,2024-01-01,2024-03-31,61082,91,1222001808.4019084,333746.0,914.3726027397261,671.2307692307693,0,0.0,0.0,381344856.5899925,127776380.66666667,29,22983.35828293603,0.8275862068965517,0,14
51118,15428903167.3336,47921.05715631699,Steaks and BBQ,-6.24451088,106.78372275,Kebayoran Baru,3,1,2024-01-01,2024-03-31,56721,91,1285741930.6111333,321965.0,882.0958904109589,623.3076923076923,0,0.0,0.0,881685807.5210959,470025179.1666667,47,62177.6332678376,1.574468085106383,2,14
51119,2197101509.7782,39147.27228597748,Tea and Beverages,-6.26601162,106.78484744,Kebayoran Lama,3,1,2024-01-01,2024-03-31,6195,91,183091792.4815167,56124.0,153.76438356164383,68.07692307692308,3,276039402.6760833,27444.194342474435,121811135.82639076,57031807.583333336,37,37332.39063237028,1.2162162162162162,3,15
51120,8687188455.6016,47423.81050322412,Steaks and BBQ,-6.22298144,106.84312729,Tebet,3,1,2024-01-01,2024-03-31,20716,91,723932371.3001333,183182.0,501.8684931506849,227.64835164835165,1,248235746.53171667,68243.50420115922,300771653.12145936,182018872.0,25,37667.8902705383,2.0,8,14
51138,4125680287.1014,46085.658129860814,Steaks and BBQ,-6.2614661,106.8124774,Mampang Prapatan,3,1,2024-01-01,2024-03-31,16826,91,343806690.59178334,89522.0,245.26575342465753,184.9010989010989,1,13882583.333333334,14445.976413458204,165555757.0346049,119796714.88666667,17,41422.6964736174,1.1176470588235294,4,14
51145,2099343443.9253,39249.6016588199,Tea and Beverages,-6.26601541,106.78484688,Kebayoran Lama,3,1,2024-01-01,2024-03-31,5846,91,174945286.99377498,53487.0,146.53972602739725,64.24175824175825,3,278754904.50533056,27410.08455152696,121811135.82639076,57031807.583333336,37,37332.39063237028,1.2162162162162162,3,15
51175,2874617783.4584,48044.82189227169,Steaks and BBQ,-6.3056095,106.8399574,Jagakarsa,3,1,2024-03-08,2024-03-31,8484,24,239551481.95486665,59832.0,163.92328767123288,353.5,0,0.0,0.0,94933453.67568667,66952173.333333336,5,23236.733976627816,0.0,1,14
51195,12160334170.678,28639.640720582764,Tea and Beverages,-6.224301,106.843282,Tebet,1,1,2024-01-01,2024-03-31,23400,91,1013361180.8898333,424598.0,1163.282191780822,257.14285714285717,6,408934742.0926056,42030.77307001982,300771653.12145936,182018872.0,25,37667.8902705383,2.0,8,15
51214,11920085785.096,20247.73706854285,Thai Food,-6.2238682,106.8235384,Setia Budi,3,1,2024-01-01,2024-03-31,29794,91,993340482.0913334,588712.0000000001,1612.9095890410963,327.4065934065934,5,46802104.96666666,11779.909038221926,162909053.95716113,68313109.53333333,33,28346.073539385277,3.0303030303030303,7,16
51219,6755725359.0683,24665.023819248338,Tea and Beverages,-6.2671747,106.7815713,Kebayoran Lama,3,1,2024-01-01,2024-03-31,16969,91,562977113.2556916,273899.0,750.4082191780822,186.47252747252747,3,149410962.41802502,32271.610498050813,121811135.82639076,57031807.583333336,37,37332.39063237028,1.2162162162162162,3,15
51574,2293963707.0,668.2880941164955,Snacks and Appetizers,-6.2445724,106.7984859,Kebayoran Baru,1,1,2024-01-01,2024-03-31,28049,91,191163642.25,3432597.0,9404.375342465753,308.2307692307692,0,0.0,0.0,881685807.5210959,470025179.1666667,47,62177.6332678376,1.574468085106383,2,13
51582,483944840.0,903.091088236831,Snacks and Appetizers,-6.2441739,106.7813403,Kebayoran Lama,3,1,2024-01-01,2024-03-31,4497,91,40328736.666666664,535876.0,1468.1534246575343,49.417582417582416,0,0.0,0.0,121811135.82639076,57031807.583333336,37,37332.39063237028,1.2162162162162162,3,13
51583,1017237488.0,953.024596722061,Snacks and Appetizers,-6.2239306,106.820696,Setia Budi,1,1,2024-01-01,2024-03-31,9938,91,84769790.66666667,1067378.0,2924.3232876712327,109.20879120879121,0,0.0,0.0,162909053.95716113,68313109.53333333,33,28346.073539385277,3.0303030303030303,7,13
51600,3183667249.0,799.0821765217468,Snacks and Appetizers,-6.224773,106.809603,Kebayoran Baru,1,1,2024-01-01,2024-03-31,37352,91,265305604.08333334,3984155.0,10915.493150684932,410.46153846153845,0,0.0,0.0,881685807.5210959,470025179.1666667,47,62177.6332678376,1.574468085106383,2,13
51603,2568180670.0,2022.307339167794,Snacks and Appetizers,-6.224944,106.842656,Tebet,3,1,2024-01-01,2024-03-31,12848,91,214015055.83333334,1269926.0,3479.249315068493,141.1868131868132,0,0.0,0.0,300771653.12145936,182018872.0,25,37667.8902705383,2.0,8,13
51618,996809442.0,1103.07530453797,Tea and Beverages,-6.2238904,106.83006762,Setia Budi,2,1,2024-01-01,2024-03-31,9484,91,83067453.5,903663.9999999999,2475.7917808219177,104.21978021978022,2,516185264.24225,27597.15269323845,162909053.95716113,68313109.53333333,33,28346.073539385277,3.0303030303030303,7,15
51625,2930442298.0,619.6257006475486,Tea and Beverages,-6.2950281,106.7926977,Cilandak,1,1,2024-01-01,2024-03-31,46739,91,244203524.83333334,4729375.0,12957.191780821919,513.6153846153846,0,0.0,0.0,381344856.5899925,127776380.66666667,29,22983.35828293603,0.8275862068965517,0,15
51627,684381691.0,1026.8277031842413,Snacks and Appetizers,-6.26553646,106.78434143,Kebayoran Lama,3,1,2024-01-01,2024-03-31,5590,91,57031807.583333336,666501.0,1826.0301369863014,61.42857142857143,0,0.0,0.0,121811135.82639076,57031807.583333336,37,37332.39063237028,1.2162162162162162,3,13
51636,941640250.0,665.3328429751599,Snacks and Appetizers,-6.2613416,106.8124423,Mampang Prapatan,3,1,2024-01-01,2024-03-31,10830,91,78470020.83333333,1415292.0,3877.512328767123,119.01098901098901,0,0.0,0.0,165555757.0346049,119796714.88666667,17,41422.6964736174,1.1176470588235294,4,13
